experiment,case,descriptor,records,termination
boundary_gap_scaling,0,k=1;eta=0.5;delta=0.01;family=local_normal;seed=0,121,max_steps
boundary_gap_scaling,1,k=1;eta=0.5;delta=0.01;family=local_normal;seed=1,121,max_steps
boundary_gap_scaling,2,k=1;eta=0.5;delta=0.01;family=support_gaussian;seed=0,121,max_steps
boundary_gap_scaling,3,k=1;eta=0.5;delta=0.01;family=support_gaussian;seed=1,121,max_steps
boundary_gap_scaling,4,k=1;eta=0.5;delta=0.1;family=local_normal;seed=0,121,max_steps
boundary_gap_scaling,5,k=1;eta=0.5;delta=0.1;family=local_normal;seed=1,121,max_steps
boundary_gap_scaling,6,k=1;eta=0.5;delta=0.1;family=support_gaussian;seed=0,121,max_steps
boundary_gap_scaling,7,k=1;eta=0.5;delta=0.1;family=support_gaussian;seed=1,121,max_steps
boundary_gap_scaling,8,k=1;eta=0.5;delta=0.5;family=local_normal;seed=0,30,converged
boundary_gap_scaling,9,k=1;eta=0.5;delta=0.5;family=local_normal;seed=1,30,converged
boundary_gap_scaling,10,k=1;eta=0.5;delta=0.5;family=support_gaussian;seed=0,47,converged
boundary_gap_scaling,11,k=1;eta=0.5;delta=0.5;family=support_gaussian;seed=1,54,converged
initialization_ablation,0,family=support_gaussian;seed=0;value=1.0,81,max_steps
initialization_ablation,1,family=support_gaussian;seed=1;value=1.0,81,max_steps
initialization_ablation,2,family=reduced_gaussian;seed=0;value=1.0,81,max_steps
initialization_ablation,3,family=reduced_gaussian;seed=1;value=1.0,81,max_steps
initialization_ablation,4,family=orthonormal;seed=0;value=1.0,81,max_steps
initialization_ablation,5,family=orthonormal;seed=1;value=1.0,81,max_steps
initialization_ablation,6,family=scale;seed=0;value=0.01,81,max_steps
initialization_ablation,7,family=scale;seed=1;value=0.01,81,max_steps
initialization_ablation,8,family=scale;seed=0;value=1,81,max_steps
initialization_ablation,9,family=scale;seed=1;value=1,81,max_steps
initialization_ablation,10,family=scale;seed=0;value=100.0,81,max_steps
initialization_ablation,11,family=scale;seed=1;value=100.0,81,max_steps
initialization_ablation,12,family=condition;seed=0;value=1,81,max_steps
initialization_ablation,13,family=condition;seed=1;value=1,81,max_steps
initialization_ablation,14,family=condition;seed=0;value=10000.0,81,max_steps
initialization_ablation,15,family=condition;seed=1;value=10000.0,81,max_steps
initialization_ablation,16,family=condition;seed=0;value=100000000.0,0,lost_rank
initialization_ablation,17,family=condition;seed=1;value=100000000.0,0,lost_rank
initialization_ablation,18,family=overlap;seed=0;value=1e-08,81,max_steps
initialization_ablation,19,family=overlap;seed=1;value=1e-08,81,max_steps
initialization_ablation,20,family=overlap;seed=0;value=0.0001,81,max_steps
initialization_ablation,21,family=overlap;seed=1;value=0.0001,81,max_steps
initialization_ablation,22,family=overlap;seed=0;value=1.0,1,converged
initialization_ablation,23,family=overlap;seed=1;value=1.0,1,converged
initialization_ablation,24,family=near_saddle;seed=0;value=1e-08,81,max_steps
initialization_ablation,25,family=near_saddle;seed=1;value=1e-08,81,max_steps
initialization_ablation,26,family=near_saddle;seed=0;value=0.0001,81,max_steps
initialization_ablation,27,family=near_saddle;seed=1;value=0.0001,81,max_steps
initialization_ablation,28,family=ambient_vs_support;seed=0;value=0.0,81,max_steps
initialization_ablation,29,family=ambient_vs_support;seed=1;value=0.0,81,max_steps
initialization_ablation,30,family=ambient_vs_support;seed=0;value=1.0,81,max_steps
initialization_ablation,31,family=ambient_vs_support;seed=1;value=1.0,81,max_steps
predicted_local_rates,0,k=1;eta=0.25;seed=0,81,max_steps
predicted_local_rates,1,k=1;eta=0.25;seed=1,81,max_steps
predicted_local_rates,2,k=1;eta=0.5;seed=0,51,converged
predicted_local_rates,3,k=1;eta=0.5;seed=1,52,converged
predicted_local_rates,4,k=1;eta=0.8695652173913044;seed=0,28,converged
predicted_local_rates,5,k=1;eta=0.8695652173913044;seed=1,28,converged
predicted_local_rates,6,k=4;eta=0.25;seed=0,81,max_steps
predicted_local_rates,7,k=4;eta=0.25;seed=1,81,max_steps
predicted_local_rates,8,k=4;eta=0.5;seed=0,50,converged
predicted_local_rates,9,k=4;eta=0.5;seed=1,54,converged
predicted_local_rates,10,k=4;eta=0.8695652173913044;seed=0,28,converged
predicted_local_rates,11,k=4;eta=0.8695652173913044;seed=1,30,converged
saddle_escape,0,eta=0.5,0,not_applicable
saddle_escape,1,eta=0.5,0,not_applicable
saddle_escape,2,eta=0.5,0,not_applicable
saddle_escape,3,eta=0.5,0,not_applicable
step_size_phase_diagram,0,eta=1.1437500304036962e-48;family=support_gaussian;seed=0;spectrum=well_separated,2,cycle
step_size_phase_diagram,1,eta=1.1437500304036962e-47;family=support_gaussian;seed=0;spectrum=well_separated,2,cycle
step_size_phase_diagram,2,eta=1.1437500304036962e-46;family=support_gaussian;seed=0;spectrum=well_separated,2,cycle
step_size_phase_diagram,3,eta=0.5;family=support_gaussian;seed=0;spectrum=well_separated,48,converged
step_size_phase_diagram,4,eta=0.8;family=support_gaussian;seed=0;spectrum=well_separated,32,converged
step_size_phase_diagram,5,eta=1.0;family=support_gaussian;seed=0;spectrum=well_separated,38,cycle
step_size_phase_diagram,6,eta=1.1498165999985675e-96;family=reduced_gaussian;seed=0;spectrum=well_separated,2,cycle
step_size_phase_diagram,7,eta=1.1498165999985674e-95;family=reduced_gaussian;seed=0;spectrum=well_separated,2,cycle
step_size_phase_diagram,8,eta=1.1498165999985673e-94;family=reduced_gaussian;seed=0;spectrum=well_separated,2,cycle
step_size_phase_diagram,9,eta=0.5;family=reduced_gaussian;seed=0;spectrum=well_separated,49,converged
step_size_phase_diagram,10,eta=0.8;family=reduced_gaussian;seed=0;spectrum=well_separated,34,converged
step_size_phase_diagram,11,eta=1.0;family=reduced_gaussian;seed=0;spectrum=well_separated,39,cycle
step_size_phase_diagram,12,eta=4.749642820230516e-21;family=orthonormal;seed=0;spectrum=well_separated,2,cycle
step_size_phase_diagram,13,eta=4.749642820230516e-20;family=orthonormal;seed=0;spectrum=well_separated,2,cycle
step_size_phase_diagram,14,eta=4.749642820230516e-19;family=orthonormal;seed=0;spectrum=well_separated,2,cycle
step_size_phase_diagram,15,eta=0.5;family=orthonormal;seed=0;spectrum=well_separated,48,converged
step_size_phase_diagram,16,eta=0.8;family=orthonormal;seed=0;spectrum=well_separated,33,converged
step_size_phase_diagram,17,eta=1.0;family=orthonormal;seed=0;spectrum=well_separated,40,cycle
step_size_phase_diagram,18,eta=3.683955232453617e-83;family=ill_conditioned;seed=0;spectrum=well_separated,2,cycle
step_size_phase_diagram,19,eta=3.6839552324536165e-82;family=ill_conditioned;seed=0;spectrum=well_separated,2,cycle
step_size_phase_diagram,20,eta=3.6839552324536167e-81;family=ill_conditioned;seed=0;spectrum=well_separated,2,cycle
step_size_phase_diagram,21,eta=0.5;family=ill_conditioned;seed=0;spectrum=well_separated,51,max_steps
step_size_phase_diagram,22,eta=0.8;family=ill_conditioned;seed=0;spectrum=well_separated,38,converged
step_size_phase_diagram,23,eta=1.0;family=ill_conditioned;seed=0;spectrum=well_separated,40,cycle
step_size_phase_diagram,24,eta=5.48090417224893e-55;family=support_gaussian;seed=0;spectrum=small_gap,2,cycle
step_size_phase_diagram,25,eta=5.48090417224893e-54;family=support_gaussian;seed=0;spectrum=small_gap,2,cycle
step_size_phase_diagram,26,eta=5.480904172248929e-53;family=support_gaussian;seed=0;spectrum=small_gap,2,cycle
step_size_phase_diagram,27,eta=0.5;family=support_gaussian;seed=0;spectrum=small_gap,51,max_steps
step_size_phase_diagram,28,eta=0.9950248756218907;family=support_gaussian;seed=0;spectrum=small_gap,51,max_steps
step_size_phase_diagram,29,eta=1.0;family=support_gaussian;seed=0;spectrum=small_gap,51,max_steps
step_size_phase_diagram,30,eta=1.5991517450516493e-95;family=reduced_gaussian;seed=0;spectrum=small_gap,2,cycle
step_size_phase_diagram,31,eta=1.599151745051649e-94;family=reduced_gaussian;seed=0;spectrum=small_gap,2,cycle
step_size_phase_diagram,32,eta=1.5991517450516491e-93;family=reduced_gaussian;seed=0;spectrum=small_gap,2,cycle
step_size_phase_diagram,33,eta=0.5;family=reduced_gaussian;seed=0;spectrum=small_gap,51,max_steps
step_size_phase_diagram,34,eta=0.9950248756218907;family=reduced_gaussian;seed=0;spectrum=small_gap,51,max_steps
step_size_phase_diagram,35,eta=1.0;family=reduced_gaussian;seed=0;spectrum=small_gap,51,max_steps
step_size_phase_diagram,36,eta=1.244972240260315e-19;family=orthonormal;seed=0;spectrum=small_gap,2,cycle
step_size_phase_diagram,37,eta=1.244972240260315e-18;family=orthonormal;seed=0;spectrum=small_gap,2,cycle
step_size_phase_diagram,38,eta=1.244972240260315e-17;family=orthonormal;seed=0;spectrum=small_gap,2,cycle
step_size_phase_diagram,39,eta=0.5;family=orthonormal;seed=0;spectrum=small_gap,51,max_steps
step_size_phase_diagram,40,eta=0.9950248756218907;family=orthonormal;seed=0;spectrum=small_gap,51,max_steps
step_size_phase_diagram,41,eta=1.0;family=orthonormal;seed=0;spectrum=small_gap,51,max_steps
step_size_phase_diagram,42,eta=5.206759627944625e-82;family=ill_conditioned;seed=0;spectrum=small_gap,2,cycle
step_size_phase_diagram,43,eta=5.206759627944625e-81;family=ill_conditioned;seed=0;spectrum=small_gap,2,cycle
step_size_phase_diagram,44,eta=5.2067596279446246e-80;family=ill_conditioned;seed=0;spectrum=small_gap,2,cycle
step_size_phase_diagram,45,eta=0.5;family=ill_conditioned;seed=0;spectrum=small_gap,51,max_steps
step_size_phase_diagram,46,eta=0.9950248756218907;family=ill_conditioned;seed=0;spectrum=small_gap,51,max_steps
step_size_phase_diagram,47,eta=1.0;family=ill_conditioned;seed=0;spectrum=small_gap,51,max_steps
step_size_phase_diagram,48,eta=2.9955249360101553e-27;family=support_gaussian;seed=0;spectrum=ill_conditioned,2,cycle
step_size_phase_diagram,49,eta=2.995524936010155e-26;family=support_gaussian;seed=0;spectrum=ill_conditioned,2,cycle
step_size_phase_diagram,50,eta=2.995524936010155e-25;family=support_gaussian;seed=0;spectrum=ill_conditioned,2,cycle
step_size_phase_diagram,51,eta=0.5;family=support_gaussian;seed=0;spectrum=ill_conditioned,51,max_steps
step_size_phase_diagram,52,eta=0.8388727635895449;family=support_gaussian;seed=0;spectrum=ill_conditioned,42,converged
step_size_phase_diagram,53,eta=1.0;family=support_gaussian;seed=0;spectrum=ill_conditioned,51,max_steps
step_size_phase_diagram,54,eta=1.3760765906225402e-99;family=reduced_gaussian;seed=0;spectrum=ill_conditioned,2,cycle
step_size_phase_diagram,55,eta=1.3760765906225401e-98;family=reduced_gaussian;seed=0;spectrum=ill_conditioned,2,cycle
step_size_phase_diagram,56,eta=1.37607659062254e-97;family=reduced_gaussian;seed=0;spectrum=ill_conditioned,2,cycle
step_size_phase_diagram,57,eta=0.5;family=reduced_gaussian;seed=0;spectrum=ill_conditioned,51,max_steps
step_size_phase_diagram,58,eta=0.8388727635895449;family=reduced_gaussian;seed=0;spectrum=ill_conditioned,41,converged
step_size_phase_diagram,59,eta=1.0;family=reduced_gaussian;seed=0;spectrum=ill_conditioned,51,max_steps
step_size_phase_diagram,60,eta=1.5896310552691353e-24;family=orthonormal;seed=0;spectrum=ill_conditioned,2,cycle
step_size_phase_diagram,61,eta=1.5896310552691353e-23;family=orthonormal;seed=0;spectrum=ill_conditioned,2,cycle
step_size_phase_diagram,62,eta=1.5896310552691352e-22;family=orthonormal;seed=0;spectrum=ill_conditioned,2,cycle
step_size_phase_diagram,63,eta=0.5;family=orthonormal;seed=0;spectrum=ill_conditioned,51,max_steps
step_size_phase_diagram,64,eta=0.8388727635895449;family=orthonormal;seed=0;spectrum=ill_conditioned,41,converged
step_size_phase_diagram,65,eta=1.0;family=orthonormal;seed=0;spectrum=ill_conditioned,51,max_steps
step_size_phase_diagram,66,eta=4.239740355955702e-86;family=ill_conditioned;seed=0;spectrum=ill_conditioned,2,cycle
step_size_phase_diagram,67,eta=4.239740355955701e-85;family=ill_conditioned;seed=0;spectrum=ill_conditioned,2,cycle
step_size_phase_diagram,68,eta=4.239740355955701e-84;family=ill_conditioned;seed=0;spectrum=ill_conditioned,2,cycle
step_size_phase_diagram,69,eta=0.5;family=ill_conditioned;seed=0;spectrum=ill_conditioned,51,max_steps
step_size_phase_diagram,70,eta=0.8388727635895449;family=ill_conditioned;seed=0;spectrum=ill_conditioned,45,converged
step_size_phase_diagram,71,eta=1.0;family=ill_conditioned;seed=0;spectrum=ill_conditioned,51,max_steps
tied_eigenvalues,0,eta=0.5;delta=0;seed=0,86,converged
tied_eigenvalues,1,eta=0.5;delta=0;seed=1,84,converged
tied_eigenvalues,2,eta=0.5;delta=0.01;seed=0,101,max_steps
tied_eigenvalues,3,eta=0.5;delta=0.01;seed=1,101,max_steps
tied_eigenvalues,4,eta=0.5;delta=0.1;seed=0,101,max_steps
tied_eigenvalues,5,eta=0.5;delta=0.1;seed=1,101,max_steps
